Subject,Start Date,Start Time,End Date,End Time,Description,Location
TEST_1,11/11/11,11/2/34,23232,1214,Testing the example description here,Home
Subject,Start Date,Start Time,End Date,End Time,Description,Location
TEST_1,11/11/11,11/2/34,23232,1214,Testing the example description here,Home
Subject,Start Date,Start Time,End Date,End Time,Description,Location
TEST_1,11/11/11,11/2/34,23232,1214,Testing the example description here,Home
Subject,Start Date,Start Time,End Date,End Time,Description,Location
TEST_1,11/11/11,11/2/34,23232,1214,Testing the example description here,Home
Subject,Start Date,Start Time,End Date,End Time,Description,Location
TEST_1,11/11/11,11/2/34,23232,1214,Testing the example description here,Home
Subject,Start Date,Start Time,End Date,End Time,Description,Location
TEST_1,11/11/11,11/2/34,23232,1214,Testing the example description here,Home
Subject,Start Date,Start Time,End Date,End Time,Description,Location
TEST_1,11/11/11,11/2/34,23232,1214,Testing the example description here,Home
Subject,Start Date,Start Time,End Date,End Time,Description,Location
TEST_1,11/11/11,11/2/34,23232,1214,Testing the example description here,Home
Subject,Start Date,Start Time,End Date,End Time,Description,Location
TEST_1,11/11/11,11/2/34,23232,1214,Testing the example description here,Home
Subject,Start Date,Start Time,End Date,End Time,Description,Location
TEST_1,11/11/11,11/2/34,23232,1214,Testing the example description here,Home
Subject,Start Date,Start Time,End Date,End Time,Description,Location
TEST_1,11/11/11,11/2/34,23232,1214,Testing the example description here,Home
Subject,Start Date,Start Time,End Date,End Time,Description,Location
TEST_1,11/11/11,11/2/34,23232,1214,Testing the example description here,Home
Subject,Start Date,Start Time,End Date,End Time,Description,Location
TEST_1,11/11/11,11/2/34,23232,1214,Testing the example description here,Home
Subject,Start Date,Start Time,End Date,End Time,Description,Location
TEST_1,11/11/11,11/2/34,23232,1214,Testing the example description here,Home
Subject,Start Date,Start Time,End Date,End Time,Description,Location
TEST_1,11/11/11,11/2/34,23232,1214,Testing the example description here,Home
Subject,Start Date,Start Time,End Date,End Time,Description,Location
TEST_1,11/11/11,11/2/34,23232,1214,Testing the example description here,Home
Subject,Start Date,Start Time,End Date,End Time,Description,Location
TEST_1,11/11/11,11/2/34,23232,1214,Testing the example description here,Home
Subject,Start Date,Start Time,End Date,End Time,Description,Location
TEST_1,11/11/11,11/2/34,23232,1214,Testing the example description here,Home
Subject,Start Date,Start Time,End Date,End Time,Description,Location
TEST_1,11/11/11,11/2/34,23232,1214,Testing the example description here,Home
Subject,Start Date,Start Time,End Date,End Time,Description,Location
TEST_1,11/11/11,11/2/34,23232,1214,Testing the example description here,Home
Subject,Start Date,Start Time,End Date,End Time,Description,Location
TEST_1,11/11/11,11/2/34,23232,1214,Testing the example description here,Home
Subject,Start Date,Start Time,End Date,End Time,Description,Location
TEST_1,11/11/11,11/2/34,23232,1214,Testing the example description here,Home
Subject,Start Date,Start Time,End Date,End Time,Description,Location
TEST_1,11/11/11,11/2/34,23232,1214,Testing the example description here,Home
Subject,Start Date,Start Time,End Date,End Time,Description,Location
TEST_1,11/11/11,11/2/34,23232,1214,Testing the example description here,Home
Subject,Start Date,Start Time,End Date,End Time,Description,Location
TEST_1,11/11/11,11/2/34,23232,1214,Testing the example description here,Home
Subject,Start Date,Start Time,End Date,End Time,Description,Location
TEST_1,11/11/11,11/2/34,23232,1214,Testing the example description here,Home
Subject,Start Date,Start Time,End Date,End Time,Description,Location
TEST_1,11/11/11,11/2/34,23232,1214,Testing the example description here,Home
Subject,Start Date,Start Time,End Date,End Time,Description,Location
TEST_1,11/11/11,11/2/34,23232,1214,Testing the example description here,Home
Subject,Start Date,Start Time,End Date,End Time,Description,Location
TEST_1,11/11/11,11/2/34,23232,1214,Testing the example description here,Home
Subject,Start Date,Start Time,End Date,End Time,Description,Location
TEST_1,11/11/11,11/2/34,23232,1214,Testing the example description here,Home
Subject,Start Date,Start Time,End Date,End Time,Description,Location
TEST_1,11/11/11,11/2/34,23232,1214,Testing the example description here,Home
Subject,Start Date,Start Time,End Date,End Time,Description,Location
TEST_1,11/11/11,11/2/34,23232,1214,Testing the example description here,Home
Subject,Start Date,Start Time,End Date,End Time,Description,Location
TEST_1,11/11/11,11/2/34,23232,1214,Testing the example description here,Home
Subject,Start Date,Start Time,End Date,End Time,Description,Location
TEST_1,11/11/11,11/2/34,23232,1214,Testing the example description here,Home
Subject,Start Date,Start Time,End Date,End Time,Description,Location
TEST_1,11/11/11,11/2/34,23232,1214,Testing the example description here,Home
Subject,Start Date,Start Time,End Date,End Time,Description,Location
TEST_1,11/11/11,11/2/34,23232,1214,Testing the example description here,Home
Subject,Start Date,Start Time,End Date,End Time,Description,Location
TEST_1,11/11/11,11/2/34,23232,1214,Testing the example description here,Home
Subject,Start Date,Start Time,End Date,End Time,Description,Location
TEST_1,11/11/11,11/2/34,23232,1214,Testing the example description here,Home
Subject,Start Date,Start Time,End Date,End Time,Description,Location
TEST_1,11/11/11,11/2/34,23232,1214,Testing the example description here,Home
Subject,Start Date,Start Time,End Date,End Time,Description,Location
TEST_1,11/11/11,11/2/34,23232,1214,Testing the example description here,Home
Subject,Start Date,Start Time,End Date,End Time,Description,Location
TEST_1,11/11/11,11/2/34,23232,1214,Testing the example description here,Home
Subject,Start Date,Start Time,End Date,End Time,Description,Location
TEST_1,11/11/11,11/2/34,23232,1214,Testing the example description here,Home
Subject,Start Date,Start Time,End Date,End Time,Description,Location
TEST_1,11/11/11,11/2/34,23232,1214,Testing the example description here,Home
Subject,Start Date,Start Time,End Date,End Time,Description,Location
TEST_1,11/11/11,11/2/34,23232,1214,Testing the example description here,Home
Subject,Start Date,Start Time,End Date,End Time,Description,Location
TEST_1,11/11/11,11/2/34,23232,1214,Testing the example description here,Home
Subject,Start Date,Start Time,End Date,End Time,Description,Location
TEST_1,11/11/11,11/2/34,23232,1214,Testing the example description here,Home
Subject,Start Date,Start Time,End Date,End Time,Description,Location
TEST_1,11/11/11,11/2/34,23232,1214,Testing the example description here,Home
Subject,Start Date,Start Time,End Date,End Time,Description,Location
TEST_1,11/11/11,11/2/34,23232,1214,Testing the example description here,Home
Subject,Start Date,Start Time,End Date,End Time,Description,Location
TEST_1,11/11/11,11/2/34,23232,1214,Testing the example description here,Home
Subject,Start Date,Start Time,End Date,End Time,Description,Location
TEST_1,11/11/11,11/2/34,23232,1214,Testing the example description here,Home
Subject,Start Date,Start Time,End Date,End Time,Description,Location
TEST_1,11/11/11,11/2/34,23232,1214,Testing the example description here,Home
Subject,Start Date,Start Time,End Date,End Time,Description,Location
TEST_1,11/11/11,11/2/34,23232,1214,Testing the example description here,Home
Subject,Start Date,Start Time,End Date,End Time,Description,Location
TEST_1,11/11/11,11/2/34,23232,1214,Testing the example description here,Home
Subject,Start Date,Start Time,End Date,End Time,Description,Location
TEST_1,11/11/11,11/2/34,23232,1214,Testing the example description here,Home
Subject,Start Date,Start Time,End Date,End Time,Description,Location
TEST_1,11/11/11,11/2/34,23232,1214,Testing the example description here,Home
Subject,Start Date,Start Time,End Date,End Time,Description,Location
TEST_1,11/11/11,11/2/34,23232,1214,Testing the example description here,Home
Subject,Start Date,Start Time,End Date,End Time,Description,Location
TEST_1,11/11/11,11/2/34,23232,1214,Testing the example description here,Home
Subject,Start Date,Start Time,End Date,End Time,Description,Location
TEST_1,11/11/11,11/2/34,23232,1214,Testing the example description here,Home
Subject,Start Date,Start Time,End Date,End Time,Description,Location
TEST_1,11/11/11,11/2/34,23232,1214,Testing the example description here,Home
Subject,Start Date,Start Time,End Date,End Time,Description,Location
TEST_1,11/11/11,11/2/34,23232,1214,Testing the example description here,Home
Subject,Start Date,Start Time,End Date,End Time,Description,Location
TEST_1,11/11/11,11/2/34,23232,1214,Testing the example description here,Home
Subject,Start Date,Start Time,End Date,End Time,Description,Location
TEST_1,11/11/11,11/2/34,23232,1214,Testing the example description here,Home
Subject,Start Date,Start Time,End Date,End Time,Description,Location
TEST_1,11/11/11,11/2/34,23232,1214,Testing the example description here,Home
Subject,Start Date,Start Time,End Date,End Time,Description,Location
TEST_1,11/11/11,11/2/34,23232,1214,Testing the example description here,Home
Subject,Start Date,Start Time,End Date,End Time,Description,Location
TEST_1,11/11/11,11/2/34,23232,1214,Testing the example description here,Home
Subject,Start Date,Start Time,End Date,End Time,Description,Location
TEST_1,11/11/11,11/2/34,23232,1214,Testing the example description here,Home
Subject,Start Date,Start Time,End Date,End Time,Description,Location
TEST_1,11/11/11,11/2/34,23232,1214,Testing the example description here,Home
Subject,Start Date,Start Time,End Date,End Time,Description,Location
TEST_1,11/11/11,11/2/34,23232,1214,Testing the example description here,Home
Subject,Start Date,Start Time,End Date,End Time,Description,Location
TEST_1,11/11/11,11/2/34,23232,1214,Testing the example description here,Home
Subject,Start Date,Start Time,End Date,End Time,Description,Location
TEST_1,11/11/11,11/2/34,23232,1214,Testing the example description here,Home
Subject,Start Date,Start Time,End Date,End Time,Description,Location
TEST_1,11/11/11,11/2/34,23232,1214,Testing the example description here,Home
Subject,Start Date,Start Time,End Date,End Time,Description,Location
TEST_1,11/11/11,11/2/34,23232,1214,Testing the example description here,Home
Subject,Start Date,Start Time,End Date,End Time,Description,Location
TEST_1,11/11/11,11/2/34,23232,1214,Testing the example description here,Home
Subject,Start Date,Start Time,End Date,End Time,Description,Location
TEST_1,11/11/11,11/2/34,23232,1214,Testing the example description here,Home
Subject,Start Date,Start Time,End Date,End Time,Description,Location
TEST_1,11/11/11,11/2/34,23232,1214,Testing the example description here,Home
Subject,Start Date,Start Time,End Date,End Time,Description,Location
TEST_1,11/11/11,11/2/34,23232,1214,Testing the example description here,Home
Subject,Start Date,Start Time,End Date,End Time,Description,Location
TEST_1,11/11/11,11/2/34,23232,1214,Testing the example description here,Home
Subject,Start Date,Start Time,End Date,End Time,Description,Location
TEST_1,11/11/11,11/2/34,23232,1214,Testing the example description here,Home
Subject,Start Date,Start Time,End Date,End Time,Description,Location
TEST_1,11/11/11,11/2/34,23232,1214,Testing the example description here,Home
Subject,Start Date,Start Time,End Date,End Time,Description,Location
TEST_1,11/11/11,11/2/34,23232,1214,Testing the example description here,Home
Subject,Start Date,Start Time,End Date,End Time,Description,Location
TEST_1,11/11/11,11/2/34,23232,1214,Testing the example description here,Home
Subject,Start Date,Start Time,End Date,End Time,Description,Location
TEST_1,11/11/11,11/2/34,23232,1214,Testing the example description here,Home
Subject,Start Date,Start Time,End Date,End Time,Description,Location
TEST_1,11/11/11,11/2/34,23232,1214,Testing the example description here,Home
